City_ID,City,Country,Lat,Lng,Max Temp,Humidity,Cloudiness,Wind Speed,Current Description
0,Ponta Do Sol,PT,32.6667,-17.1,73.0,72,50,12.41,scattered clouds
1,Ushuaia,AR,-54.8,-68.3,37.02,75,0,4.61,clear sky
2,Hailar,CN,49.2,119.7,56.75,59,100,15.77,overcast clouds
3,Stuttgart,DE,48.7823,9.177,75.96,52,20,3.44,few clouds
4,New Norfolk,AU,-42.7826,147.0587,40.91,82,100,2.71,overcast clouds
5,San Jose,US,37.3394,-121.895,73.53,63,75,8.05,broken clouds
6,Tasiilaq,GL,65.6145,-37.6368,33.96,91,85,2.73,overcast clouds
7,Kaitangata,NZ,-46.2817,169.8464,46.76,87,100,13.33,overcast clouds
8,Busselton,AU,-33.65,115.3333,55.85,76,94,8.03,overcast clouds
9,Meulaboh,ID,4.1363,96.1285,75.74,89,100,4.54,moderate rain
10,Upernavik,GL,72.7868,-56.1549,29.16,60,100,0.98,overcast clouds
11,Bhan,PK,26.5583,67.7214,101.55,11,0,14.67,clear sky
12,Mataura,NZ,-46.1927,168.8643,46.47,94,100,6.98,overcast clouds
13,Saint-Philippe,RE,-21.3585,55.7679,72.99,73,21,3.6,few clouds
14,Hobart,AU,-42.8794,147.3294,41.27,88,100,5.75,overcast clouds
15,Bluff,NZ,-46.6,168.3333,46.8,79,100,19.19,overcast clouds
16,Vaini,TO,-21.2,-175.2,75.36,94,20,5.75,few clouds
17,Abong Mbang,CM,3.9833,13.1833,76.3,75,100,4.7,light rain
18,Ballina,AU,-28.8667,153.5667,49.01,94,17,5.48,few clouds
19,Ancud,CL,-41.8697,-73.8203,44.22,71,100,5.23,overcast clouds
20,Butaritari,KI,3.0707,172.7902,81.18,70,66,4.21,broken clouds
21,Punta Arenas,CL,-53.15,-70.9167,41.02,87,20,6.91,few clouds
22,Klaksvik,FO,62.2266,-6.589,50.92,83,4,8.1,clear sky
23,Mar Del Plata,AR,-38.0023,-57.5575,49.95,56,52,4.0,broken clouds
24,Ponta Delgada,PT,37.7333,-25.6667,65.12,88,75,10.36,broken clouds
25,Pasni,PK,25.2631,63.471,83.12,79,1,19.55,clear sky
26,Fairbanks,US,64.8378,-147.7164,60.76,57,75,0.0,broken clouds
27,Lompoc,US,34.6391,-120.4579,70.84,81,0,0.0,clear sky
28,Galesong,ID,-5.3166,119.3661,77.02,81,3,6.02,clear sky
29,Tomatlan,MX,19.9333,-105.25,82.96,50,15,4.56,few clouds
30,Rikitea,PF,-23.1203,-134.9692,77.23,79,42,19.01,scattered clouds
31,Ribeira Grande,PT,38.5167,-28.7,68.4,77,20,14.97,few clouds
32,Port Elizabeth,ZA,-33.918,25.5701,61.11,79,5,1.01,clear sky
33,Naze,JP,28.3667,129.4833,70.39,88,100,2.19,overcast clouds
34,Bredasdorp,ZA,-34.5322,20.0403,56.57,71,0,3.85,clear sky
35,Saldanha,ZA,-33.0117,17.9442,58.98,76,0,10.94,clear sky
36,Albany,US,42.6001,-73.9662,76.03,74,100,7.38,overcast clouds
37,Barrow,US,71.2906,-156.7887,24.82,86,100,6.91,overcast clouds
38,Vestmanna,FO,62.1564,-7.1664,49.12,76,70,10.36,broken clouds
39,Caravelas,BR,-17.7125,-39.2481,79.43,70,54,6.04,broken clouds
40,San Angelo,US,31.4638,-100.437,71.55,82,100,13.8,overcast clouds
41,Lewiston,US,44.1003,-70.2148,69.33,77,100,8.05,overcast clouds
42,Karratha,AU,-20.7377,116.8463,66.18,62,4,11.32,clear sky
43,Arraial Do Cabo,BR,-22.9661,-42.0278,76.86,78,75,14.97,broken clouds
44,Awbari,LY,26.5921,12.7805,98.78,8,0,13.58,clear sky
45,Havelock,US,34.8791,-76.9013,91.98,64,0,5.75,clear sky
46,Lebu,CL,-37.6167,-73.65,51.4,64,92,15.21,overcast clouds
47,Makakilo City,US,21.3469,-158.0858,73.72,76,0,8.05,clear sky
48,Acoua,YT,-12.7239,45.0582,78.71,63,1,14.45,clear sky
49,Carnarvon,AU,-24.8667,113.6333,65.62,42,0,15.23,clear sky
50,Port Alfred,ZA,-33.5906,26.891,59.18,79,67,5.06,broken clouds
51,Barcelona,ES,41.3888,2.159,89.8,66,0,11.5,clear sky
52,Gizo,SB,-8.103,156.8419,81.27,77,68,6.26,light rain
53,Geraldton,AU,-28.7667,114.6,54.01,94,40,8.05,scattered clouds
54,Vanimo,PG,-2.6741,141.3028,77.92,89,14,6.46,few clouds
55,Taltal,CL,-25.4,-70.4833,65.03,51,0,5.03,clear sky
56,Puerto Ayora,EC,-0.7393,-90.3518,78.76,90,95,8.01,overcast clouds
57,Srednekolymsk,RU,67.45,153.6833,46.18,58,3,5.68,clear sky
58,Mahebourg,MU,-20.4081,57.7,73.69,83,75,5.75,broken clouds
59,Castro,BR,-24.7911,-50.0119,63.09,79,100,2.55,heavy intensity rain
60,Kavieng,PG,-2.5744,150.7967,80.92,73,60,8.41,broken clouds
61,Leningradskiy,RU,69.3833,178.4167,50.5,47,100,10.98,overcast clouds
62,Liverpool,GB,53.4106,-2.9779,68.29,52,20,5.75,few clouds
63,Guangyuan,CN,32.442,105.823,74.89,82,70,2.33,broken clouds
64,Bambous Virieux,MU,-20.3428,57.7575,73.65,83,75,5.75,light rain
65,Faanui,PF,-16.4833,-151.75,78.85,77,100,14.81,light rain
66,Bouca,CF,6.5105,18.2733,74.01,89,100,6.08,light rain
67,San Patricio,US,28.017,-97.5169,91.08,48,27,4.36,scattered clouds
68,Yulara,AU,-25.2406,130.9889,57.15,74,49,12.64,scattered clouds
69,Kano,NG,12.0001,8.5167,103.44,10,8,10.98,clear sky
70,Hermanus,ZA,-34.4187,19.2345,56.8,72,0,3.15,clear sky
71,Atuona,PF,-9.8,-139.0333,78.22,76,35,20.13,light rain
72,Quatre Cocos,MU,-20.2078,57.7625,73.51,75,35,10.25,light rain
73,Guerrero Negro,MX,27.9769,-114.0611,66.54,65,1,11.39,clear sky
74,Severodvinsk,RU,64.5635,39.8302,78.91,67,100,2.53,overcast clouds
75,Jamestown,US,42.097,-79.2353,67.64,52,75,8.05,broken clouds
76,Kenai,US,60.5544,-151.2583,53.65,54,0,3.44,clear sky
77,Veraval,IN,20.9,70.3667,81.77,87,35,15.66,scattered clouds
78,Bethel,US,41.3712,-73.414,76.17,82,75,1.01,broken clouds
79,Airai,TL,-8.9266,125.4092,61.38,94,100,0.92,overcast clouds
80,Bathsheba,BB,13.2167,-59.5167,84.81,74,75,16.11,broken clouds
81,Saint-Augustin,CA,51.226,-58.6502,47.08,80,100,26.71,overcast clouds
82,Darnah,LY,32.767,22.6367,75.58,63,0,17.13,clear sky
83,Nouadhibou,MR,20.931,-17.0347,67.5,83,95,26.55,overcast clouds
84,Clyde River,CA,70.4692,-68.5914,34.97,98,100,6.91,overcast clouds
85,Chapais,CA,49.7834,-74.8492,58.28,64,87,7.31,overcast clouds
86,Salalah,OM,17.0151,54.0924,86.09,74,40,10.36,light rain
87,Cape Town,ZA,-33.9258,18.4232,62.35,70,0,4.0,clear sky
88,Mahibadhoo,MV,3.7833,72.9667,82.81,78,79,12.28,broken clouds
89,Saint-Pierre,RE,-21.3393,55.4781,73.08,83,0,4.61,clear sky
90,Matale,LK,7.4721,80.6234,72.3,93,61,4.76,broken clouds
91,Hofn,IS,64.2539,-15.2082,50.5,82,100,15.99,overcast clouds
92,Lodja,CD,-3.4833,23.4333,80.17,61,70,3.06,broken clouds
93,Talnakh,RU,69.4865,88.3972,38.21,81,42,7.7,scattered clouds
94,Socorro,US,31.6546,-106.3033,78.06,45,0,17.27,clear sky
95,Sungairaya,ID,0.7,108.9,79.66,86,99,4.45,overcast clouds
96,Kodiak,US,57.79,-152.4072,62.11,34,100,11.5,overcast clouds
97,Yamethin,MM,20.4333,96.15,77.52,84,99,8.5,overcast clouds
98,Garden City,US,42.3256,-83.331,66.49,61,100,3.44,overcast clouds
99,San Anselmo,US,37.9747,-122.5616,71.1,73,0,3.44,clear sky
100,Erzin,TR,36.9559,36.2,76.01,76,100,3.0,overcast clouds
101,Ilam,NP,26.9167,87.9167,68.54,86,51,3.89,broken clouds
102,Belaya Gora,RU,68.5333,146.4167,40.53,68,40,9.84,scattered clouds
103,Mount Isa,AU,-20.7333,139.5,64.17,55,70,3.44,broken clouds
104,Mungaa,TZ,-4.9667,34.8833,64.83,56,80,9.78,broken clouds
105,Viedma,AR,-40.8135,-62.9967,50.34,47,7,7.72,clear sky
106,Carndonagh,IE,55.25,-7.2667,55.02,97,100,4.54,moderate rain
107,Chardara,KZ,41.2547,67.9692,82.9,25,53,9.66,broken clouds
108,Saint George,US,37.1041,-113.5841,80.44,17,0,1.99,clear sky
109,Purpe,RU,64.4803,76.6897,33.87,89,99,25.37,overcast clouds
110,Arman,RU,59.7,150.1667,39.02,93,100,1.7,overcast clouds
111,Kapaa,US,22.0752,-159.319,70.12,96,40,4.61,scattered clouds
112,Tselinnoye,RU,53.0833,85.6667,45.75,70,58,3.51,broken clouds
113,Olafsvik,IS,64.8945,-23.7142,47.01,77,100,17.76,overcast clouds
114,Dikson,RU,73.5069,80.5464,30.07,94,100,30.87,light snow
115,Nakusp,CA,50.2499,-117.8023,64.74,61,99,0.72,overcast clouds
116,Hilo,US,19.7297,-155.09,81.28,75,100,9.22,overcast clouds
117,Henties Bay,NA,-22.116,14.2845,67.87,42,1,8.19,clear sky
118,Bahia Honda,CU,22.9036,-83.1592,73.76,89,100,13.4,light rain
119,Saint-Joseph,RE,-21.3667,55.6167,71.98,75,11,3.56,few clouds
120,Gradsko,MK,41.5775,21.9428,79.47,47,9,0.18,clear sky
121,Saskylakh,RU,71.9167,114.0833,35.82,100,100,3.62,overcast clouds
122,Asau,RO,46.4333,26.4,83.32,84,77,3.74,broken clouds
123,Lar,IN,26.2039,83.9717,100.08,17,7,5.06,clear sky
124,Jumla,NP,29.2747,82.1838,59.52,52,80,4.23,broken clouds
125,Bengkulu,ID,-3.8004,102.2655,76.17,86,100,4.0,overcast clouds
126,Pervomayskoye,RU,43.919,46.7102,70.36,58,0,10.33,clear sky
127,Merauke,ID,-8.4667,140.3333,78.28,87,99,10.49,overcast clouds
128,Lorengau,PG,-2.0226,147.2712,81.84,73,46,8.52,scattered clouds
129,Sopur,IN,34.3,74.4667,64.26,45,49,3.2,scattered clouds
130,Petropavlovsk-Kamchatskiy,RU,53.0452,158.6483,37.78,93,99,2.39,overcast clouds
131,East London,ZA,-33.0153,27.9116,62.02,54,100,1.7,overcast clouds
132,Ambulu,ID,-8.345,113.6058,75.61,88,42,2.13,scattered clouds
133,Piranshahr,IR,36.701,45.1413,70.66,30,0,4.9,clear sky
134,Tiksi,RU,71.6872,128.8694,31.21,96,99,7.14,overcast clouds
135,Kahului,US,20.8947,-156.47,75.85,72,20,10.0,few clouds
136,Vyartsilya,RU,62.1764,30.693,61.27,61,8,9.91,clear sky
137,Sitka,US,57.0531,-135.33,51.69,87,75,4.61,mist
138,Bulungu,CD,-4.55,18.6,80.51,63,82,5.35,broken clouds
139,Port Hardy,CA,50.6996,-127.4199,53.01,97,100,3.2,light rain
140,Mareeba,AU,-17.0,145.4333,63.45,93,67,2.66,broken clouds
141,Homer,US,59.6425,-151.5483,66.04,54,0,5.75,clear sky
142,Fortuna,US,40.5982,-124.1573,52.66,100,100,0.0,overcast clouds
143,Rocha,UY,-34.4833,-54.3333,51.31,65,78,9.98,broken clouds
144,Chokurdakh,RU,70.6333,147.9167,33.53,78,92,10.87,overcast clouds
145,Victoria,HK,22.2855,114.1577,84.38,81,93,11.01,overcast clouds
146,Pisco,PE,-13.7,-76.2167,64.45,82,20,9.22,mist
147,Khatanga,RU,71.9667,102.5,49.21,68,94,11.99,overcast clouds
148,Amapa,BR,1.0,-52.0,87.66,53,55,4.23,broken clouds
149,Kemijarvi,FI,66.7131,27.4306,60.76,49,100,14.81,overcast clouds
150,Chuy,UY,-33.6971,-53.4616,52.72,62,65,10.96,broken clouds
151,Opuwo,NA,-18.0607,13.84,72.09,22,15,16.04,few clouds
152,Antalaha,MG,-14.9003,50.2788,72.18,91,78,9.15,light rain
153,Palmer,US,42.1584,-72.3287,74.55,70,75,1.01,broken clouds
154,Sturgeon Falls,CA,46.3646,-79.9326,66.88,64,100,3.74,overcast clouds
155,Yellowknife,CA,62.456,-114.3525,49.51,46,75,11.81,broken clouds
156,Miri,MY,4.4148,114.0089,78.12,83,94,1.1,overcast clouds
157,Hithadhoo,MV,-0.6,73.0833,84.02,70,88,9.1,overcast clouds
158,Chengde,CN,40.9725,117.9361,65.64,39,50,2.28,scattered clouds
159,Shestakovo,RU,56.4915,103.96,48.22,96,19,4.79,few clouds
160,Uusikaupunki,FI,60.8004,21.4084,51.21,95,100,2.59,overcast clouds
161,Leshan,CN,29.5623,103.7639,73.78,78,79,2.3,broken clouds
162,Hongjiang,CN,27.11,109.9956,76.03,95,100,3.47,overcast clouds
163,Mnogovershinnyy,RU,53.9353,139.9242,41.72,90,100,3.47,overcast clouds
164,Tinguindin,MX,19.75,-102.4833,75.99,54,12,2.89,few clouds
165,Lasa,IT,46.6166,10.7002,71.37,76,72,0.81,broken clouds
166,Nuuk,GL,64.1835,-51.7216,47.01,49,20,9.22,few clouds
167,Ahipara,NZ,-35.1667,173.1667,59.54,80,34,16.62,scattered clouds
168,Tapioszolos,HU,47.3025,19.8513,82.83,47,31,1.01,scattered clouds
169,Leninsk-Kuznetskiy,RU,54.6567,86.1737,40.73,79,36,3.96,scattered clouds
170,Zaraza,VE,9.3503,-65.3245,99.05,32,58,2.35,broken clouds
171,Ngama,TD,11.7833,17.1667,105.12,8,17,5.57,few clouds
172,Pistsovo,RU,57.179,40.5298,74.5,82,81,3.6,broken clouds
173,Yagodnoye,RU,62.55,149.6667,51.33,77,88,3.98,overcast clouds
174,Emerald,AU,-23.5333,148.1667,55.35,72,1,6.44,clear sky
175,Payakumbuh,ID,-0.2202,100.6308,70.23,97,100,3.31,moderate rain
176,Botngard,NO,63.7653,9.8111,57.76,88,75,9.22,broken clouds
177,Hirara,JP,24.8,125.2833,80.89,85,79,9.6,light rain
178,Trelew,AR,-43.249,-65.3051,49.32,30,50,17.18,scattered clouds
179,Torbay,CA,47.6666,-52.7314,42.76,94,100,18.41,light intensity drizzle
180,Ilulissat,GL,69.2167,-51.1,33.66,61,11,3.29,few clouds
181,Bronnoysund,NO,65.4625,12.1997,66.2,48,0,11.5,clear sky
182,Thanh Hoa,VN,19.8,105.7667,82.38,83,100,3.87,moderate rain
183,Cherskiy,RU,68.75,161.3,36.99,82,48,10.49,scattered clouds
184,Tuktoyaktuk,CA,69.4541,-133.0374,33.8,93,100,14.97,mist
185,Hualmay,PE,-11.0964,-77.6139,67.08,71,86,7.58,overcast clouds
186,Tocache,PE,-8.1842,-76.5125,82.15,62,75,1.57,broken clouds
187,Kodino,RU,63.7198,39.6447,68.18,64,100,6.17,overcast clouds
188,Pryozerne,UA,45.2698,36.3303,75.92,63,84,11.18,broken clouds
189,Shingu,JP,33.7333,135.9833,63.72,92,7,5.39,clear sky
190,Hassleholm,SE,56.1591,13.7664,56.98,87,72,10.76,broken clouds
191,La Ronge,CA,55.1001,-105.2842,48.56,31,24,15.9,few clouds
192,Bansko,BG,41.8383,23.4885,71.19,60,90,2.62,overcast clouds
193,Dwarka,IN,22.2394,68.9678,81.99,83,14,17.38,few clouds
194,Kapuskasing,CA,49.4169,-82.4331,64.13,39,100,5.35,overcast clouds
195,Laguna,US,38.421,-121.4238,76.42,47,0,9.22,clear sky
196,Oktyabrskoye,RU,43.0645,44.7417,77.14,44,58,17.9,light rain
197,Tambo Grande,PE,-4.9269,-80.3447,79.0,46,76,3.98,broken clouds
198,Svarstad,NO,59.399,9.9698,62.2,41,99,3.2,light rain
199,May Pen,JM,17.9645,-77.2451,85.21,54,98,13.29,overcast clouds
200,Alofi,NU,-19.0595,-169.9187,78.15,78,25,23.53,light rain
201,Pangai,TO,-19.8,-174.35,78.96,78,7,13.2,clear sky
202,Roald,NO,62.5833,6.1333,57.16,93,75,6.91,broken clouds
203,Cidreira,BR,-30.1811,-50.2056,57.43,69,100,10.2,overcast clouds
204,Coos Bay,US,43.3665,-124.2179,55.38,97,0,5.75,clear sky
205,Naranjal,EC,-2.6667,-79.6167,81.23,70,85,3.06,overcast clouds
206,Huarmey,PE,-10.0681,-78.1522,68.34,71,50,9.37,scattered clouds
207,Hasaki,JP,35.7333,140.8333,64.29,85,4,13.42,clear sky
208,Souillac,MU,-20.5167,57.5167,73.78,83,75,5.75,light rain
209,Sao Geraldo Do Araguaia,BR,-6.4006,-48.555,84.42,70,35,4.85,scattered clouds
210,Matagami,CA,49.7502,-77.6328,57.94,69,100,5.44,overcast clouds
211,Qaanaaq,GL,77.484,-69.3632,29.62,80,99,10.98,overcast clouds
212,Bubaque,GW,11.2833,-15.8333,80.44,80,14,11.07,few clouds
213,Isangel,VU,-19.55,169.2667,76.44,87,83,10.47,broken clouds
214,Basco,PH,20.4487,121.9702,84.7,76,40,11.05,scattered clouds
215,Nikolskoye,RU,59.7035,30.7861,68.79,45,93,6.02,overcast clouds
216,Tall Kayf,TR,37.0833,41.0667,99.79,11,20,4.61,few clouds
217,Codrington,AU,-38.2667,141.9667,45.41,73,100,13.78,overcast clouds
218,Mawlaik,MM,23.6333,94.4167,77.67,91,100,0.25,overcast clouds
219,Launceston,AU,-41.45,147.1667,44.15,87,75,4.61,broken clouds
220,Georgetown,MY,5.4112,100.3354,84.13,79,20,0.0,moderate rain
221,Hamilton,US,39.1834,-84.5333,70.52,91,100,11.5,mist
222,Nhulunbuy,AU,-12.2333,136.7667,74.01,88,28,4.61,scattered clouds
223,Ketchikan,US,55.3422,-131.6461,57.94,80,100,2.98,overcast clouds
224,Paamiut,GL,61.994,-49.6678,37.27,73,2,6.42,clear sky
225,Nantucket,US,41.2835,-70.0995,66.34,94,100,11.5,overcast clouds
226,Port Lincoln,AU,-34.7333,135.8667,54.1,72,100,15.28,overcast clouds
227,Vao,NC,-22.6667,167.4833,72.25,65,22,10.67,few clouds
228,Conceicao Da Barra,BR,-18.5933,-39.7322,82.22,62,46,6.42,scattered clouds
229,Valleyview,CA,55.0667,-117.2859,58.75,56,1,4.38,clear sky
230,Abu Samrah,SY,35.3029,37.1841,89.76,32,75,22.35,broken clouds
231,Srandakan,ID,-7.9386,110.2506,77.43,86,42,1.34,scattered clouds
232,Wailuku,US,20.8911,-156.5047,74.97,80,20,10.0,few clouds
233,Dubbo,AU,-32.25,148.6167,41.13,100,40,4.61,scattered clouds
234,Redmond,US,47.674,-122.1215,66.74,85,97,1.01,overcast clouds
235,Olinda,BR,-8.0089,-34.8553,83.93,74,40,11.5,scattered clouds
236,Maragogi,BR,-9.0122,-35.2225,81.64,74,99,7.16,overcast clouds
237,Auki,SB,-8.7676,160.7034,77.07,89,12,3.67,few clouds
238,Coquimbo,CL,-29.9533,-71.3436,62.33,51,0,9.22,clear sky
239,Takoradi,GH,4.8845,-1.7554,83.12,74,43,10.63,scattered clouds
240,Bereda,ES,43.2686,-7.5406,59.95,95,88,2.44,overcast clouds
241,Bage,BR,-31.3314,-54.1069,53.38,54,0,11.5,clear sky
242,Manado,ID,1.487,124.8455,75.97,94,20,2.3,few clouds
243,Halle,DE,51.5,12.0,68.2,42,0,3.44,clear sky
244,Kavaratti,IN,10.5669,72.642,83.59,74,78,15.1,broken clouds
245,Darhan,MN,49.4867,105.9228,58.28,82,35,4.25,scattered clouds
246,Ust-Ilimsk,RU,58.0006,102.6619,48.83,95,28,6.69,scattered clouds
247,Kununurra,AU,-15.7667,128.7333,76.98,94,100,4.61,overcast clouds
248,Boyolangu,ID,-8.1181,111.8935,75.31,90,34,2.51,scattered clouds
249,Vila Franca Do Campo,PT,37.7167,-25.4333,64.81,74,77,6.15,broken clouds
250,Tezu,IN,27.9167,96.1667,74.62,97,32,3.4,scattered clouds
251,Cheyenne,US,41.14,-104.8203,62.78,45,0,8.05,clear sky
252,Graaff-Reinet,ZA,-32.2522,24.5308,57.49,24,0,1.57,clear sky
253,Itaueira,BR,-7.6033,-43.0256,93.51,34,45,7.43,scattered clouds
254,Namatanai,PG,-3.6667,152.4333,78.33,80,78,4.05,broken clouds
255,Ishigaki,JP,24.3448,124.1572,81.88,87,100,12.57,overcast clouds
256,Svetlyy,RU,54.675,20.1347,60.85,67,49,7.76,scattered clouds
257,Praia Da Vitoria,PT,38.7333,-27.0667,65.75,91,87,2.33,overcast clouds
258,Sao Borja,BR,-28.6606,-56.0044,54.86,56,44,14.41,scattered clouds
259,Lakes Entrance,AU,-37.8811,147.981,43.16,82,100,5.01,overcast clouds
260,Norman Wells,CA,65.282,-126.8329,65.75,38,86,2.01,overcast clouds
261,Sao Raimundo Nonato,BR,-9.0153,-42.6994,93.33,31,8,5.79,clear sky
262,Ilhabela,BR,-23.7781,-45.3581,70.86,92,94,8.88,overcast clouds
263,Mount Gambier,AU,-37.8333,140.7667,45.12,75,100,8.59,overcast clouds
264,Thompson,CA,55.7435,-97.8558,37.56,93,100,11.5,mist
265,Adeje,ES,28.1227,-16.726,76.3,53,20,8.05,few clouds
266,Kieta,PG,-6.2167,155.6333,77.61,83,92,0.89,overcast clouds
267,Iqaluit,CA,63.7506,-68.5145,36.7,69,95,4.0,overcast clouds
268,Muros,ES,42.7762,-9.0603,71.1,75,4,4.05,clear sky
269,Guilin,CN,25.2819,110.2864,75.6,97,100,0.25,moderate rain
270,Tuatapere,NZ,-46.1333,167.6833,45.82,85,100,12.64,overcast clouds
271,Marica,BR,-22.9194,-42.8186,81.48,78,55,11.92,broken clouds
272,Husavik,IS,66.0449,-17.3389,51.17,76,100,8.81,overcast clouds
273,Narsaq,GL,60.9167,-46.05,57.42,49,22,4.05,few clouds
274,Nemuro,JP,43.3236,145.575,44.74,95,100,12.01,overcast clouds
275,Nagorsk,RU,59.3172,50.8078,64.67,73,92,1.61,overcast clouds
276,Oranjemund,NA,-28.55,16.4333,64.29,38,0,9.8,clear sky
277,Los Llanos De Aridane,ES,28.6585,-17.9182,71.35,78,75,7.0,broken clouds
278,Sawakin,SD,19.1059,37.3321,93.67,44,21,4.81,few clouds
279,Ewa Beach,US,21.3156,-158.0072,75.15,76,0,8.05,clear sky
280,Severo-Kurilsk,RU,50.6789,156.125,42.37,85,100,2.71,overcast clouds
281,Shumikha,RU,55.2261,63.2961,64.62,68,59,7.54,broken clouds
282,Boca Do Acre,BR,-8.7522,-67.3978,87.17,56,100,2.86,overcast clouds
283,The Pas,CA,53.8251,-101.2541,40.28,79,100,19.37,overcast clouds
284,Hammerfest,NO,70.6634,23.6821,66.65,45,0,9.22,clear sky
285,Maralal,KE,1.0968,36.698,64.09,49,41,12.33,scattered clouds
286,Banff,CA,51.1762,-115.5698,52.9,60,100,3.4,overcast clouds
287,Shubarshi,KZ,48.5872,57.1869,69.55,35,0,7.94,clear sky
288,Avarua,CK,-21.2078,-159.775,73.45,68,20,10.36,few clouds
289,Esperance,AU,-33.8667,121.9,57.88,68,79,13.98,broken clouds
290,Banda Aceh,ID,5.5577,95.3222,79.84,75,64,16.24,broken clouds
291,Jiazi,CN,22.8779,116.067,79.83,89,83,8.43,broken clouds
292,Harindanga,IN,22.0383,88.3214,86.4,75,89,10.85,overcast clouds
293,Preobrazheniye,RU,42.9019,133.9064,49.46,95,100,11.3,overcast clouds
294,Chernyshevskiy,RU,63.0128,112.4714,51.89,60,48,8.1,scattered clouds
295,Nome,US,64.5011,-165.4064,33.87,100,100,5.75,fog
296,Barcelos,PT,41.5388,-8.6151,73.85,60,50,6.58,scattered clouds
297,Come,BJ,6.4076,1.882,85.93,66,43,10.54,scattered clouds
298,Carora,VE,10.1755,-70.0827,91.2,30,50,2.62,scattered clouds
299,Chumikan,RU,54.7183,135.315,33.69,100,100,3.2,light snow
300,Provideniya,RU,64.3833,-173.3,41.94,81,24,3.67,few clouds
301,Salinopolis,BR,-0.6136,-47.3561,85.57,64,64,8.48,broken clouds
302,Mayo,US,38.8876,-76.5119,90.18,73,0,4.61,mist
303,Zhangye,CN,38.9342,100.4517,69.69,43,100,4.0,overcast clouds
304,Comodoro Rivadavia,AR,-45.8667,-67.5,48.06,46,0,6.91,clear sky
305,Pacific Grove,US,36.6177,-121.9166,66.2,89,20,11.01,few clouds
306,Port Macquarie,AU,-31.4333,152.9167,43.9,78,13,4.92,few clouds
307,Notse,TG,6.95,1.1667,87.33,62,67,9.93,broken clouds
308,Haines Junction,CA,60.7522,-137.5108,60.93,35,12,1.7,few clouds
309,Bagdarin,RU,54.4333,113.6,49.51,55,100,1.92,overcast clouds
310,Ndjole,GA,-0.1783,10.7649,85.53,68,89,1.48,overcast clouds
311,Longyearbyen,SJ,78.2186,15.6401,48.04,61,0,8.05,clear sky
312,Harper,LR,4.375,-7.7169,82.74,73,40,7.78,scattered clouds
313,Walldurn,DE,49.5833,9.3667,69.37,35,90,7.07,overcast clouds
314,Ostersund,SE,63.1792,14.6357,54.05,76,75,5.75,light rain
315,Bowen,AU,-20.0167,148.2333,65.01,84,45,7.94,scattered clouds
316,Port Blair,IN,11.6667,92.75,82.44,89,40,2.3,mist
317,Wilmington,US,34.2257,-77.9447,96.01,48,0,5.99,clear sky
318,Lampang,TH,18.3333,99.5,83.89,86,100,2.3,overcast clouds
319,Sao Filipe,CV,14.8961,-24.4956,78.33,67,4,12.75,clear sky
320,Te Anau,NZ,-45.4167,167.7167,43.99,90,100,5.46,overcast clouds
321,Mitsamiouli,KM,-11.3847,43.2844,79.3,66,47,16.31,scattered clouds
322,Aden,YE,12.7794,45.0367,88.59,63,88,5.79,overcast clouds
323,Sobradinho,BR,-12.8333,-39.1,79.29,74,71,7.16,broken clouds
324,Grand Gaube,MU,-20.0064,57.6608,73.8,78,12,1.99,few clouds
325,Nanortalik,GL,60.1432,-45.2371,41.22,84,97,3.04,overcast clouds
326,Margate,GB,51.3813,1.3862,65.1,69,100,4.0,overcast clouds
327,Berdigestyakh,RU,62.0989,126.6992,51.89,96,62,4.99,broken clouds
328,Maues,BR,-3.3836,-57.7186,86.67,65,81,1.88,broken clouds
329,Hua Hin,TH,12.5707,99.9588,85.89,73,82,8.97,broken clouds
330,Koulamoutou,GA,-1.1303,12.4736,79.21,80,92,1.63,light rain
331,Wuwei,CN,37.9281,102.6414,66.81,48,100,13.53,overcast clouds
332,Balikpapan,ID,-1.2675,116.8289,77.59,86,100,1.16,overcast clouds
333,Bilma,NE,18.6853,12.9164,104.88,5,1,3.87,clear sky
334,Pangnirtung,CA,66.1451,-65.7125,38.89,98,88,0.78,overcast clouds
335,Daru,PG,-9.0763,143.2092,79.29,88,99,12.41,overcast clouds
336,Ambilobe,MG,-13.2,49.05,73.54,78,74,1.77,broken clouds
337,Guarapari,BR,-20.6667,-40.4975,86.9,54,5,10.96,clear sky
338,Matara,LK,5.9485,80.5353,78.4,89,25,12.73,scattered clouds
339,Cabo San Lucas,MX,22.8909,-109.9124,83.61,69,0,5.75,clear sky
340,Xining,CN,36.6167,101.7667,62.04,48,88,6.8,overcast clouds
341,Oda,JP,35.1833,132.5,64.0,87,2,4.41,clear sky
342,Soyo,AO,-6.1349,12.3689,77.05,79,12,9.15,few clouds
343,Sinnamary,GF,5.3833,-52.95,74.95,97,100,13.91,moderate rain
344,Buta,CD,2.7858,24.73,73.92,92,87,2.21,light rain
345,College,US,64.8569,-147.8028,60.75,56,75,0.0,broken clouds
346,Nyurba,RU,63.2842,118.3319,50.54,79,68,5.39,broken clouds
347,Porto Novo,BJ,6.4965,2.6036,85.96,65,29,10.0,scattered clouds
348,Kruisfontein,ZA,-34.0033,24.7314,58.89,86,0,4.99,clear sky
349,Hope,US,33.6671,-93.5916,69.85,97,100,6.35,heavy intensity rain
350,Beringovskiy,RU,63.05,179.3167,37.81,89,18,6.35,few clouds
351,Cumberland,US,35.0502,-78.8664,94.48,39,0,8.05,clear sky
352,Zhigansk,RU,66.7697,123.3711,46.63,92,77,5.61,broken clouds
353,Pangody,RU,65.85,74.4859,31.71,88,100,24.49,light snow
354,Puerto Colombia,CO,10.9878,-74.9547,87.89,63,35,6.55,scattered clouds
355,Lapeer,US,43.0514,-83.3188,65.68,67,100,5.75,overcast clouds
356,Umkomaas,ZA,-30.2067,30.7978,66.67,61,0,4.0,clear sky
357,Kendari,ID,-3.945,122.4989,76.62,90,28,0.69,scattered clouds
358,Guane,CU,22.2025,-84.0875,76.32,81,100,19.57,light rain
359,Marsh Harbour,BS,26.5412,-77.0636,78.71,72,7,3.09,clear sky
360,Lima,PE,-12.0432,-77.0282,61.05,82,100,6.91,overcast clouds
361,Isoka,ZM,-10.1606,32.6335,60.87,68,84,6.26,broken clouds
362,Ialibu,PG,-6.2821,143.9935,54.77,95,74,3.11,broken clouds
363,Manga,BF,11.6636,-1.0731,103.77,15,93,12.93,overcast clouds
364,Domoni,KM,-12.2569,44.5319,76.5,71,11,13.69,few clouds
365,Tura,IN,25.5198,90.2201,75.24,84,83,5.53,broken clouds
366,Kushmurun,KZ,52.4503,64.6311,69.22,45,27,6.02,scattered clouds
367,Kharp,RU,66.8014,65.8081,37.81,45,9,12.28,clear sky
368,Shyryayeve,UA,47.3805,30.1964,72.09,65,78,7.43,broken clouds
369,Cuenca,EC,-2.8833,-78.9833,63.82,65,84,5.39,light rain
370,Oktyabrskiy,RU,54.4815,53.471,65.95,75,100,3.94,overcast clouds
371,Flinders,AU,-34.5833,150.8552,46.26,82,98,3.0,overcast clouds
372,Novobirilyussy,RU,56.9514,90.6661,37.11,92,65,6.29,broken clouds
373,Sao Joao Dos Patos,BR,-6.495,-43.7022,87.6,45,81,5.5,broken clouds
374,Ayan,RU,56.45,138.1667,37.78,95,100,5.73,overcast clouds
375,Semnan,IR,35.5729,53.3971,81.23,24,91,6.93,overcast clouds
376,Jalu,LY,29.0331,21.5482,96.66,12,0,17.63,clear sky
377,Huangpu,CN,25.4433,113.1747,75.22,97,90,3.36,overcast clouds
378,Tevaitoa,PF,-16.7833,-151.5,78.55,78,100,15.01,light rain
379,Madera,US,37.1666,-119.8343,84.97,25,71,1.01,broken clouds
380,Casablanca,MA,33.5928,-7.6192,80.82,64,70,11.01,broken clouds
381,Kaiyuan,CN,23.6977,103.3037,67.46,91,34,5.64,scattered clouds
382,Taoudenni,ML,22.6783,-3.9836,111.42,7,3,12.24,clear sky
383,Yangjiang,CN,21.85,111.9667,80.06,87,100,8.12,light rain
384,Cranbrook,CA,49.4999,-115.7688,61.12,40,100,2.66,overcast clouds
385,Barabai,ID,-2.5833,115.3833,75.69,91,76,1.66,broken clouds
386,Dauphin,CA,51.1494,-100.0502,42.75,82,100,15.5,overcast clouds
387,Inuvik,CA,68.3499,-133.7218,43.54,77,90,14.72,overcast clouds
388,Irbeyskoye,RU,55.6428,95.4522,44.74,89,100,13.76,light rain
389,Polis,CY,35.0367,32.4264,78.28,70,0,7.47,clear sky
390,Lerwick,GB,60.1545,-1.1494,51.8,76,66,11.27,broken clouds
391,Deputatskiy,RU,69.3,139.9,35.1,80,90,2.59,overcast clouds
392,Lavrentiya,RU,65.5833,-171.0,38.41,87,64,4.88,broken clouds
393,San Cristobal,VE,7.7669,-72.225,82.58,39,70,6.78,broken clouds
394,Sungaipenuh,ID,-2.0833,101.3833,64.78,97,100,0.49,overcast clouds
395,Palasa,IN,18.7667,84.4167,82.8,91,17,10.29,few clouds
396,Aquiraz,BR,-3.9014,-38.3911,83.44,74,74,10.45,broken clouds
397,Conceicao Do Mato Dentro,BR,-19.0372,-43.425,83.93,32,3,2.37,clear sky
398,Necochea,AR,-38.5473,-58.7368,48.18,58,84,0.81,broken clouds
399,Bilibino,RU,68.0546,166.4372,51.31,87,100,10.42,moderate rain
400,Valledupar,CO,10.4631,-73.2532,89.11,53,34,6.51,scattered clouds
401,Namibe,AO,-15.1961,12.1522,76.73,55,3,9.22,clear sky
402,Magnor,SE,59.9511,12.1996,64.13,43,21,6.62,light rain
403,Beyneu,KZ,45.3167,55.2,80.69,20,0,13.8,clear sky
404,Bukachacha,RU,52.9833,116.9167,50.76,75,96,11.41,overcast clouds
405,Corral Nuevo,MX,18.1146,-95.1154,83.46,68,90,9.31,overcast clouds
406,Westport,US,41.1415,-73.3579,79.18,87,20,6.91,haze
407,Freeport,US,40.6576,-73.5832,80.58,70,40,11.5,scattered clouds
408,Les Escoumins,CA,48.1111,-69.0236,52.45,55,2,10.89,clear sky
409,Castlegar,CA,49.2998,-117.6689,67.3,46,98,2.89,overcast clouds
410,Trairi,BR,-3.2778,-39.2689,83.5,71,100,8.95,light rain
411,Nanakuli,US,21.3906,-158.1547,75.15,75,0,4.61,clear sky
412,Bethalto,US,38.9092,-90.0407,76.21,58,20,9.22,few clouds
413,Arkhara,RU,49.4212,130.0842,46.02,96,59,7.27,broken clouds
414,Pocone,BR,-16.2567,-56.6228,91.92,39,10,0.92,clear sky
415,Kakonko,TZ,-3.2828,30.9642,66.94,78,66,2.95,broken clouds
416,Moron,AR,-34.6534,-58.6198,56.89,44,2,2.93,clear sky
417,Tete,MZ,-16.1564,33.5867,75.29,43,40,9.22,scattered clouds
418,Beibei,CN,29.8256,106.4339,78.37,86,13,3.15,few clouds
419,Mountain Home,US,43.133,-115.6912,66.07,38,94,5.1,overcast clouds
420,Hervey Bay,AU,-25.2986,152.8535,56.01,84,4,3.0,clear sky
421,Scarborough,GB,54.2797,-0.4044,64.33,68,88,8.99,overcast clouds
422,Moradabad,IN,28.8333,78.7833,96.76,9,0,7.9,clear sky
423,Faya,SA,18.3851,42.4509,75.72,21,29,4.72,scattered clouds
424,Djambala,CG,-2.5447,14.7533,74.05,79,76,3.31,light rain
425,Jingdezhen,CN,29.2947,117.2079,72.36,96,16,2.82,few clouds
426,Filingue,NE,14.3521,3.3168,107.38,10,0,10.51,clear sky
427,Guayape,HN,14.7167,-86.8333,80.24,52,96,6.6,overcast clouds
428,Tecoanapa,MX,16.5167,-98.75,84.04,65,52,4.63,broken clouds
429,Shenjiamen,CN,29.9576,122.298,68.5,95,59,8.32,broken clouds
430,Nizhnyaya Tavda,RU,57.6731,66.1725,58.06,63,83,7.99,broken clouds
431,Maldonado,UY,-34.6667,-54.9167,52.99,66,91,10.71,overcast clouds
432,Taraz,KZ,42.9,71.3667,64.81,68,75,4.47,broken clouds
433,Chattanooga,US,35.0456,-85.3097,88.79,60,40,9.22,scattered clouds
434,Zonguldak,TR,41.25,31.8333,66.4,72,75,3.74,light rain
435,Vostok,RU,46.4856,135.8833,45.52,95,100,1.86,overcast clouds
436,Pangkalanbuun,ID,-2.6833,111.6167,75.4,96,33,2.59,scattered clouds
437,Walvis Bay,NA,-22.9575,14.5053,70.09,30,0,16.96,clear sky
438,Arbagar,RU,51.9438,116.2805,54.59,46,100,4.27,overcast clouds
439,Dajal,PK,29.5577,70.3762,100.02,3,0,9.6,clear sky
440,Smithers,CA,54.7804,-127.1743,60.84,58,100,2.01,overcast clouds
441,Karksi-Nuia,EE,58.1033,25.5628,53.78,70,93,10.0,overcast clouds
442,Pailon,BO,-17.65,-62.75,63.5,55,100,7.72,moderate rain
443,Murgab,TM,37.4966,61.9714,87.26,12,2,7.99,clear sky
444,Mandiana,GN,10.6333,-8.6833,102.99,19,33,6.4,scattered clouds
445,Veydelevka,RU,50.1521,38.4492,74.95,76,41,6.35,scattered clouds
446,Russell,US,32.3502,-85.1999,89.91,55,0,3.44,clear sky
447,Lagoa,PT,39.05,-27.9833,63.05,90,92,7.18,overcast clouds
448,Portland,US,45.5234,-122.6762,65.16,83,100,3.44,overcast clouds
449,Hokitika,NZ,-42.7167,170.9667,49.59,86,49,4.47,scattered clouds
450,Bousso,TD,10.4795,16.7117,103.24,14,1,5.7,clear sky
451,Luderitz,NA,-26.6481,15.1594,66.45,37,0,9.75,clear sky
452,Kandalaksha,RU,67.162,32.4123,58.91,58,85,4.14,light rain
453,Erenhot,CN,43.6475,111.9767,79.48,8,100,8.79,overcast clouds
454,Charqueadas,BR,-29.9547,-51.6253,55.53,67,98,5.14,overcast clouds
455,Moindou,NC,-21.6924,165.677,70.92,77,47,5.06,scattered clouds
456,Payson,US,40.0444,-111.7321,68.41,45,0,4.61,clear sky
457,Abasolo,MX,20.45,-101.5167,76.66,37,4,5.48,clear sky
458,Kampong Thum,KH,12.7111,104.8887,77.59,92,95,9.24,moderate rain
459,Todos Santos,MX,23.45,-110.2167,70.74,68,0,5.61,clear sky
460,Karaton,ID,-6.3424,106.1045,74.62,91,100,4.81,overcast clouds
461,Shemonaikha,KZ,50.6328,81.9056,52.27,48,72,5.66,broken clouds
462,Molteno,ZA,-31.3968,26.3625,46.24,28,84,6.53,broken clouds
463,Yerbogachen,RU,61.2767,108.0108,56.34,50,89,9.66,overcast clouds
464,Vilhena,BR,-12.7406,-60.1458,87.04,43,33,2.01,scattered clouds
465,Cibitoke,BI,-2.8833,29.25,62.49,90,31,4.7,light rain
466,Gat,IL,31.61,34.7642,81.39,33,0,6.78,clear sky
467,Grahamstown,ZA,-33.3042,26.5328,52.95,68,55,5.19,broken clouds
468,Bayonet Point,US,28.3267,-82.6834,89.24,68,0,3.0,clear sky
469,Port Hueneme,US,34.1478,-119.1951,77.52,78,20,10.36,haze
470,Tres Arroyos,AR,-38.3739,-60.2798,43.43,64,89,3.11,overcast clouds
471,Hambantota,LK,6.1241,81.1185,79.14,94,40,8.05,scattered clouds
472,La Arena,PE,-5.3466,-80.7109,75.27,51,72,8.14,broken clouds
473,Baculin,PH,7.4525,126.5842,77.52,85,76,4.12,broken clouds
474,Mackay,AU,-21.15,149.2,63.68,75,72,6.13,broken clouds
475,Kathmandu,NP,27.7167,85.3167,73.62,88,75,2.3,broken clouds
476,Estelle,US,29.8458,-90.1067,87.8,64,40,8.05,scattered clouds
477,Paptalaya,HN,15.5,-84.3167,87.87,59,100,6.62,overcast clouds
478,Khasan,RU,42.4308,130.6434,51.49,98,100,4.7,overcast clouds
479,Coihaique,CL,-45.5752,-72.0662,24.75,93,100,2.3,light shower snow
480,Murray Bridge,AU,-35.1167,139.2667,52.12,64,100,7.09,overcast clouds
481,Verkhnevilyuysk,RU,63.4453,120.3167,49.68,85,7,3.58,clear sky
482,Sibolga,ID,1.7427,98.7792,75.2,86,98,2.62,moderate rain
483,Ipilan,PH,8.8431,117.9033,80.74,81,100,3.56,overcast clouds
484,Sayyan,YE,15.1718,44.3244,70.99,14,99,8.21,overcast clouds
485,Miandrivazo,MG,-19.5167,45.4667,71.26,41,0,1.99,clear sky
486,Yeniseysk,RU,58.4497,92.1703,41.68,87,100,11.41,overcast clouds
487,Kirakira,SB,-10.4544,161.9205,79.77,84,61,8.14,broken clouds
488,Asyut,EG,27.181,31.1837,93.74,16,0,11.48,clear sky
489,Wanaka,NZ,-44.7,169.15,49.1,70,100,5.99,overcast clouds
490,Talcahuano,CL,-36.7167,-73.1167,53.28,66,75,14.97,broken clouds
491,Dali,CN,25.7,100.1833,63.54,91,44,5.73,scattered clouds
492,Presidencia Roque Saenz Pena,AR,-26.7852,-60.4388,60.51,38,40,7.43,scattered clouds
493,Boa Vista,BR,2.8197,-60.6733,84.18,74,75,9.22,light rain
494,Cabedelo,BR,-6.9811,-34.8339,79.47,75,40,9.89,scattered clouds
495,Aksu,CN,41.1231,80.2644,77.22,14,0,2.26,clear sky
496,Saint-Georges,GD,12.0564,-61.7485,82.54,72,97,12.59,overcast clouds
497,Kampot,KH,10.6167,104.1833,80.65,85,100,2.04,overcast clouds
498,Severomorsk,RU,69.0689,33.4162,72.0,47,96,15.17,overcast clouds
499,Vagur,FO,61.4732,-6.8119,48.94,83,0,4.83,clear sky
500,Morondava,MG,-20.2833,44.2833,76.17,52,0,10.09,clear sky
501,Pampa,US,35.5362,-100.9599,59.04,82,100,9.22,overcast clouds
502,Lata,PT,40.1629,-8.3327,74.07,43,100,8.95,overcast clouds
503,Waipawa,NZ,-41.4122,175.5153,49.64,88,38,7.85,scattered clouds
504,Sorland,NO,67.667,12.6934,53.46,84,42,8.34,scattered clouds
505,Riberalta,BO,-10.9833,-66.1,87.96,54,100,1.72,moderate rain
506,Broken Hill,AU,-31.95,141.4333,48.72,68,100,7.76,overcast clouds
507,Adrian,US,41.8975,-84.0372,65.32,77,100,5.75,overcast clouds
508,Nishihara,JP,26.1842,127.7558,76.28,97,100,10.36,mist
509,Qaqortoq,GL,60.7167,-46.0333,44.67,60,16,5.57,few clouds
510,Zhezkazgan,KZ,47.8043,67.7144,66.51,28,1,8.77,clear sky
511,Bachaquero,VE,9.9694,-71.1494,87.48,62,17,8.41,few clouds
512,Ler,SS,8.3018,30.1418,85.55,46,100,7.81,overcast clouds
513,Hopelchen,MX,19.7667,-89.85,80.51,77,100,3.42,overcast clouds
514,Nabire,ID,-3.3667,135.4833,76.26,90,9,3.47,clear sky
515,Bodden Town,KY,19.2833,-81.25,82.98,84,40,14.97,scattered clouds
516,Hobyo,SO,5.3505,48.5268,79.12,78,29,26.98,scattered clouds
517,Ferrol,ES,43.4832,-8.2369,70.32,81,11,3.53,few clouds
518,Pudozh,RU,61.8099,36.5345,65.01,91,98,5.28,overcast clouds
519,Along,IN,28.1667,94.7667,73.53,98,25,0.45,scattered clouds
520,Dannenberg,DE,53.0967,11.09,66.15,55,90,8.63,overcast clouds
521,Zaragoza,ES,41.6561,-0.8773,93.02,27,40,8.05,thunderstorm
522,Porbandar,IN,21.6422,69.6093,82.13,83,8,15.5,clear sky
523,Soubre,CI,5.7856,-6.6083,86.07,64,87,5.41,overcast clouds
524,Abashiri,JP,44.0213,144.2697,48.94,93,100,4.61,overcast clouds
525,Praya,CV,14.9215,-23.5087,77.02,72,8,21.18,clear sky
526,Ixtapa,MX,20.7,-105.2,74.43,88,100,3.44,overcast clouds
527,Berezovyy,RU,51.6667,135.7,43.48,92,99,3.2,overcast clouds
528,Coari,BR,-4.085,-63.1414,87.8,60,98,0.18,overcast clouds
529,Nosy Varika,MG,-20.5833,48.5333,69.04,84,32,9.46,light rain
530,Grindavik,IS,63.8424,-22.4338,48.67,66,100,13.8,overcast clouds
531,Mehamn,NO,71.0357,27.8492,64.35,52,0,10.36,clear sky
532,Acapulco,MX,16.8634,-99.8901,80.42,83,100,4.61,overcast clouds
533,Alcudia,ES,39.8532,3.1214,87.37,65,100,9.73,overcast clouds
534,Camacha,PT,33.0833,-16.3333,69.22,64,20,16.11,few clouds
535,Kharabali,RU,47.4196,47.2568,78.21,28,100,7.81,overcast clouds
536,Tondano,ID,1.3038,124.9112,68.09,91,68,1.41,broken clouds
537,Jiayuguan,CN,39.8167,98.3,67.14,44,100,6.35,light rain
538,San Joaquin,US,37.9333,-121.3011,75.45,35,0,5.75,clear sky
539,Bourne,GB,52.7667,-0.3833,68.49,77,67,8.28,broken clouds
540,Port Augusta,AU,-32.5,137.7667,51.1,73,100,8.48,overcast clouds
541,Kloulklubed,PW,7.0419,134.2556,75.7,73,97,6.82,heavy intensity rain
542,Mount Pleasant,US,32.7941,-79.8626,91.99,59,0,11.5,clear sky
543,Maamba,ZM,-17.3667,27.15,62.47,52,4,3.89,clear sky
544,Pevek,RU,69.7008,170.3133,34.79,95,100,8.79,light snow
545,Vuktyl,RU,63.8567,57.3094,53.08,27,61,11.72,broken clouds
546,Tanabe,JP,33.7333,135.3667,66.92,82,15,1.01,few clouds
547,Gimli,CA,50.6336,-96.9907,41.81,82,100,16.28,overcast clouds
548,Cairns,AU,-16.9167,145.7667,68.07,93,40,5.75,scattered clouds
549,Mason City,US,43.1536,-93.201,72.32,33,0,17.27,clear sky
550,Akranes,IS,64.3218,-22.0749,48.76,74,100,11.52,overcast clouds
551,Zhigalovo,RU,54.8097,105.1578,49.1,97,84,3.4,broken clouds
552,Eseka,CM,3.65,10.7667,83.14,69,81,1.61,broken clouds
553,Yenisehir,TR,40.2644,29.6531,77.05,57,75,14.97,broken clouds
554,Sao Joao Da Barra,BR,-21.6403,-41.0511,87.89,65,4,9.35,clear sky
555,Aklavik,CA,68.2191,-135.0107,43.3,81,95,16.24,overcast clouds
556,Hovd,MN,48.0056,91.6419,51.67,34,71,7.83,broken clouds
557,Komsomolskiy,UZ,40.4272,71.7189,79.52,25,26,13.8,scattered clouds
558,Gwadar,PK,25.1216,62.3254,83.41,79,2,16.08,clear sky
559,Sandviken,SE,60.6167,16.7667,63.55,64,100,4.76,overcast clouds
560,San Quintin,MX,30.4833,-115.95,64.92,74,30,4.38,scattered clouds
561,Woodward,US,36.4337,-99.3904,65.97,67,100,0.0,light rain
562,Kibungo,RW,-2.1597,30.5427,65.32,90,81,2.44,light rain
563,Alice Springs,AU,-23.7,133.8833,60.35,94,100,5.75,overcast clouds
564,Lufilufi,WS,-13.8745,-171.5986,80.82,74,69,11.68,broken clouds
565,Galbshtadt,RU,53.2264,78.9845,52.77,52,14,4.38,few clouds
566,Sinnai,IT,39.3042,9.2036,85.51,41,0,10.36,clear sky
567,Cardonal,MX,20.6,-99.1333,68.52,48,4,4.23,clear sky
568,Buarcos,PT,40.166,-8.8768,67.23,72,68,15.21,broken clouds
569,Thunder Bay,CA,48.4001,-89.3168,62.06,39,65,9.62,broken clouds
570,Nurota,UZ,40.5614,65.6886,80.82,17,14,4.09,few clouds
571,Shalinskoye,RU,55.7228,93.7594,40.82,92,90,10.09,overcast clouds
572,Ossora,RU,59.2353,163.0719,37.72,83,0,2.93,clear sky
573,Prainha,BR,-1.8,-53.48,84.18,70,45,3.87,scattered clouds
574,Sukhaya Buyvola,RU,45.1533,42.9956,74.3,49,0,11.03,clear sky
575,Lardos,GR,36.0942,28.0157,80.42,66,50,10.65,scattered clouds
576,Shaowu,CN,27.3409,117.4831,74.1,99,100,1.92,overcast clouds
577,Wakkanai,JP,45.4094,141.6739,45.52,95,98,16.31,overcast clouds
578,Varzea Da Palma,BR,-17.5981,-44.7308,89.62,25,10,2.3,clear sky
579,Nikki,BJ,9.9401,3.2108,97.48,24,89,4.38,overcast clouds
580,Sayat,TM,38.7839,63.8803,90.12,10,3,10.22,clear sky
581,Cayenne,GF,4.9333,-52.3333,80.64,1,75,4.61,broken clouds
582,Zaysan,KZ,47.4667,84.8667,49.96,49,4,7.76,clear sky
583,Kungurtug,RU,50.5994,97.5228,40.14,93,81,7.63,broken clouds
584,Ndioum,SN,16.5129,-14.6471,110.95,10,71,10.13,broken clouds
585,Belmonte,BR,-15.8631,-38.8828,81.25,63,91,6.35,overcast clouds
586,Alta Floresta,BR,-9.8756,-56.0861,89.06,49,29,3.47,scattered clouds
587,Peniche,PT,39.3558,-9.3811,73.08,73,47,18.01,scattered clouds
588,Katsuura,JP,35.1333,140.3,68.16,87,1,13.56,clear sky
589,Natal,BR,-5.795,-35.2094,79.45,94,75,4.61,broken clouds
590,Umm Lajj,SA,25.0213,37.2685,85.19,57,88,9.55,overcast clouds
591,Sanquhar,GB,55.3653,-3.9216,62.92,63,100,4.74,overcast clouds
592,Gigmoto,PH,13.7796,124.39,81.14,84,30,7.45,scattered clouds
593,Poum,NC,-20.2333,164.0167,74.84,73,88,14.56,overcast clouds
594,Petrozavodsk,RU,61.7849,34.3469,67.48,77,40,2.24,scattered clouds
595,Usevya,TZ,-7.1,31.2333,73.63,48,1,5.28,clear sky
596,Alabino,RU,55.5268,37.0103,76.86,57,20,6.71,few clouds
597,Vagamo,NO,61.8751,9.0967,43.63,98,100,3.53,light rain
598,Steinbach,DE,50.1667,8.5667,73.87,25,0,4.61,clear sky
599,Tawau,MY,4.2498,117.8871,78.89,83,73,4.07,broken clouds
600,Tautira,PF,-17.7333,-149.15,77.05,83,100,16.82,moderate rain
601,Nalut,LY,30.3333,10.85,101.43,7,4,11.5,clear sky
602,Senekal,ZA,-28.3197,27.6208,50.16,27,0,4.0,clear sky
603,La Asuncion,VE,11.0333,-63.8628,82.31,74,89,13.33,overcast clouds
604,Ola,RU,59.5833,151.2833,39.15,90,100,2.06,overcast clouds
605,Campana,AR,-34.1687,-58.9591,57.13,47,13,3.24,few clouds
606,Sainte-Marie,RE,-20.8968,55.5496,73.56,75,23,3.44,few clouds
607,Calbuco,CL,-41.768,-73.1273,47.41,68,100,11.61,overcast clouds
608,Kikwit,CD,-5.041,18.8162,82.08,50,66,3.2,broken clouds
609,Villefranche-Sur-Saone,FR,45.9833,4.7167,81.14,76,98,5.66,overcast clouds
610,Ratnagiri,IN,16.9833,73.3,80.1,84,98,3.13,heavy intensity rain
611,Lagos,NG,6.5833,3.75,86.95,63,66,7.96,broken clouds
612,Paka,MY,4.6374,103.4368,79.18,85,76,4.52,broken clouds
613,Seddon,AU,-37.8068,144.8916,47.86,81,75,8.05,broken clouds
614,Nizwa,OM,22.9333,57.5333,93.06,21,95,3.83,overcast clouds
615,Mahon,ES,39.8885,4.2658,77.56,69,20,6.91,few clouds
616,Dingle,PH,10.9995,122.6711,77.72,86,84,2.57,broken clouds
617,Goderich,CA,43.7501,-81.7165,50.92,76,98,9.28,overcast clouds
618,Cardenas,CU,23.0375,-81.2047,77.76,77,100,12.5,light rain
619,Buala,SB,-8.145,159.5921,80.73,82,41,8.7,light rain
620,Rawson,AR,-43.3002,-65.1023,49.14,36,29,20.0,scattered clouds
621,Mao,ES,39.8885,4.2658,77.56,69,20,6.91,few clouds
622,Den Helder,NL,52.9599,4.7593,63.99,68,63,8.99,broken clouds
623,Mana,GF,5.6592,-53.7767,76.32,89,100,17.63,moderate rain
624,Tiarei,PF,-17.5333,-149.3333,75.22,82,100,18.37,light rain
625,Pitimbu,BR,-7.4706,-34.8086,79.39,75,22,9.4,light rain
626,Nur,PL,52.6683,22.3221,60.3,72,82,11.05,broken clouds
627,Mount Darwin,ZW,-16.7725,31.5838,62.56,41,9,6.96,clear sky
628,Constitucion,CL,-35.3333,-72.4167,54.5,61,53,13.04,broken clouds
629,Mandali,IQ,33.7499,45.5541,102.24,5,0,7.09,clear sky
630,Inyonga,TZ,-6.7167,32.0667,74.16,44,60,6.42,broken clouds
631,Pochutla,MX,15.7432,-96.4661,79.83,59,77,2.59,broken clouds
632,Iranshahr,IR,27.2025,60.6848,91.69,6,0,19.46,clear sky
633,Touros,BR,-5.1989,-35.4608,84.52,65,96,12.01,overcast clouds
634,Gannan,CN,47.9147,123.5031,56.26,76,63,4.63,broken clouds
635,Cuiluan,CN,47.72,128.648,48.2,97,56,3.09,broken clouds
636,Northam,GB,51.0333,-4.2167,65.66,64,89,2.93,overcast clouds
637,Urucara,BR,-2.5364,-57.76,88.23,59,67,3.13,broken clouds
638,Warrensburg,US,38.7628,-93.7361,70.02,57,0,5.75,clear sky
639,Ruwi,OM,23.5996,58.5507,89.29,51,4,4.45,clear sky
640,Beckley,US,37.7782,-81.1882,80.49,73,40,11.5,scattered clouds
641,Plouzane,FR,48.3833,-4.6167,73.45,53,0,12.66,clear sky
642,Zlobin,HR,45.2924,14.6541,74.5,47,0,5.75,clear sky
643,Huari,PE,-9.3333,-77.2333,50.49,61,86,5.66,overcast clouds
644,Biak,ID,-0.9131,122.8766,77.29,81,81,3.51,broken clouds
645,Parati,BR,-23.2178,-44.7131,77.31,84,52,5.84,broken clouds
646,Imeni Poliny Osipenko,RU,52.4201,136.4853,39.16,94,100,11.54,overcast clouds
647,Bonthe,SL,7.5264,-12.505,84.97,70,88,7.52,light rain
648,Loreto,MX,22.2667,-101.9667,71.67,36,3,7.0,clear sky
649,Sistranda,NO,63.7256,8.834,55.36,88,100,11.52,overcast clouds
650,Ozinki,RU,51.1786,49.6769,70.54,50,32,4.63,scattered clouds
651,Gunnedah,AU,-30.9833,150.25,41.36,80,9,2.75,clear sky
652,Rolla,US,37.9514,-91.7713,69.22,60,99,5.99,overcast clouds
653,Sfantu Gheorghe,RO,45.8667,25.7833,68.27,81,70,3.04,broken clouds
654,Lubango,AO,-14.9172,13.4925,66.04,32,2,4.65,clear sky
655,Reading,GB,51.4562,-0.9711,69.3,47,0,8.05,clear sky
656,Bauchi,NG,10.5,10.0,94.8,26,87,2.15,overcast clouds
657,Menongue,AO,-14.6585,17.691,66.76,38,1,5.86,clear sky
658,Kalmunai,LK,7.4167,81.8167,83.01,72,33,5.7,scattered clouds
659,Warren,US,39.4334,-84.1666,69.82,90,75,6.91,broken clouds
660,La Tuque,CA,47.4334,-72.7824,59.65,70,99,2.68,overcast clouds
661,Svetlaya,RU,46.5389,138.3297,44.64,90,100,8.52,overcast clouds
662,Bonavista,CA,48.6499,-53.1147,40.68,96,100,22.64,overcast clouds
663,Kaseda,JP,31.4167,130.3167,67.51,88,0,3.09,clear sky
664,Kamaishi,JP,39.2667,141.8833,54.9,97,85,4.97,overcast clouds
665,Meadow Lake,US,34.8014,-106.5436,70.61,49,3,3.69,clear sky
666,Barra Patuca,HN,15.8,-84.2833,85.82,66,99,8.19,overcast clouds
667,Londoko,RU,49.0333,131.9833,48.56,97,100,2.86,overcast clouds
668,Alexandria,EG,31.2156,29.9553,75.04,76,0,11.48,clear sky
669,Clarence Town,AU,-32.5833,151.7833,47.55,89,15,2.53,few clouds
670,Axim,GH,4.8699,-2.2405,83.21,73,57,8.81,broken clouds
671,Kaifeng,CN,34.7911,114.3483,81.91,36,25,6.49,scattered clouds
672,Sechura,PE,-5.5569,-80.8222,72.54,59,68,9.4,broken clouds
673,Shelabolikha,RU,53.4131,82.6167,47.66,60,19,6.13,few clouds
674,Limon,CR,10.0,-83.0333,84.09,74,75,6.91,broken clouds
675,Voh,NC,-20.9667,164.7,67.78,87,71,4.21,broken clouds
676,Avera,US,33.194,-82.5271,90.55,39,0,6.08,clear sky
677,Middelharnis,NL,51.7575,4.1653,70.97,31,100,4.0,overcast clouds
678,Altea,ES,38.5989,-0.0514,85.64,73,94,3.0,overcast clouds
679,Varkkallai,IN,8.7341,76.7067,82.18,88,6,7.02,clear sky
680,Fortuna Foothills,US,32.6578,-114.4119,93.22,14,0,12.66,clear sky
681,Velyka Lepetykha,UA,47.1757,33.9436,80.98,54,47,3.15,scattered clouds
682,Udachnyy,RU,66.4167,112.4,53.46,61,90,5.21,overcast clouds
683,Samarai,PG,-10.6167,150.6667,80.33,83,100,8.5,overcast clouds
684,Sao Jose Da Coroa Grande,BR,-8.8978,-35.1478,81.77,74,100,6.93,overcast clouds
685,Cruzeiro Do Sul,BR,-29.5128,-51.9853,51.53,89,100,3.78,overcast clouds
686,Muborak,UZ,39.2553,65.1528,88.47,11,0,9.8,clear sky
687,Kijang,KR,35.2442,129.2139,66.4,77,0,7.0,clear sky
688,Kiama,AU,-34.6833,150.8667,46.45,83,99,4.65,overcast clouds
689,Numan,NG,9.4667,12.0333,92.32,32,43,11.86,light rain
690,Okha,RU,53.5739,142.9478,34.93,89,96,5.79,overcast clouds
691,Vestmannaeyjar,IS,63.4427,-20.2734,49.19,93,40,6.91,scattered clouds
692,Warmbad,NA,-28.45,18.7333,65.25,11,0,13.42,clear sky
693,Muscatine,US,41.4667,-91.1335,71.76,41,0,11.5,clear sky
694,Berlevag,NO,70.8578,29.0864,64.4,76,0,14.97,clear sky
695,Flin Flon,CA,54.7682,-101.865,37.67,84,100,18.05,overcast clouds
696,Uruzgan,AF,32.8333,66.0,73.31,12,1,7.78,clear sky
697,La Sarre,CA,48.8002,-79.1996,62.55,51,100,1.39,overcast clouds
